ind,ch,bf,bf_deviation,isi_cv,sync_n,r_max,r,d_max,d,sfr,br,bdur_max,bdur,nspikes_burst_max,nspikes_burst,p_bursting_time,p_bursting_spike,ibi_cv,animal,group
0,1,6275,634.05,0.937627618,4,0.090306926,0.035434208,0,0,2.938888889,0.055555556,0.07979008,0.030523392,5,3.2,0.001695744,0.060491493,0.927212253,P10,ET
0,2,4594,-1046.95,1.018890907,7,0.104537338,0.042269301,0,0,1.505555556,0.066666667,0.14852096,0.053527893,6,3.333333333,0.003568526,0.147601476,0.851485869,P10,ET
0,3,2219,-3421.95,1.030934062,6,0.040903902,0.021856493,0,0,0.661111111,0.011111111,0.049152,0.03813376,3,3,0.000423708,0.050420168,,P10,ET
0,4,3731,-1909.95,1.188422694,9,0.151739286,0.034074611,0.750053099,0.116693511,0.433333333,0,,,,3,,,,P10,ET
0,8,3731,-1909.95,1.028162317,7,0.071560563,0.036214777,0.300188497,0.042884071,0.638888889,0.044444444,0.29155328,0.14445568,6,4.25,0.006420252,0.295652174,1.186193586,P10,ET
0,9,3731,-1909.95,1.33543482,9,0.151739286,0.033870434,0.750053099,0.199988254,4.533333333,0,,,,4.25,,,,P10,ET
0,10,6275,634.05,1.004880177,6,0.090306926,0.035336368,0.750053099,0.324995133,0.888888889,0.044444444,0.1396736,0.04499456,6,3.625,0.001999758,0.18125,0.486358072,P10,ET
0,11,2732,-2908.95,0.999987105,4,0.035508496,0.026151025,0.449604877,0.299814392,0.988888889,0.016666667,0.19980288,0.17522688,3,3,0.002920448,0.050561798,0.457884773,P10,ET
0,12,3731,-1909.95,1.116313723,9,0.062451488,0.020887354,0.749652693,0.116649021,0.388888889,0.011111111,0.45359104,0.29462528,6,4.5,0.003273614,0.128571429,,P10,ET
0,16,3731,-1909.95,1.105490957,6,0.104537338,0.038493211,0.750053099,0.175040266,0.605555556,0.066666667,0.16932864,0.056285867,5,3.333333333,0.003752391,0.366972477,1.345838305,P10,ET
0,17,7726,2085.05,1.032172615,7,0.029846918,0.016430376,0,0,0.516666667,0.011111111,0.24027136,0.18051072,6,4.5,0.002005675,0.096774194,,P10,ET
0,18,7726,2085.05,1.006016644,7,0.030723302,0.016220219,0,0,0.655555556,0.016666667,0.499712,0.232270507,4,3.333333333,0.003871175,0.084745763,0.302958062,P10,ET
0,19,6275,634.05,1.074732899,7,0.029176584,0.016291277,0.300106219,0.042872317,0.672222222,0.022222222,0.26673152,0.14829568,4,3.25,0.00329546,0.107438017,1.073092673,P10,ET
0,20,6963,1322.05,0.994375742,8,0.037231118,0.019987736,0.150012654,0.037503164,0.494444444,0.016666667,0.26058752,0.18898944,5,3.666666667,0.003149824,0.123595506,0.592017895,P10,ET
0,24,7726,2085.05,1.032405659,5,0.010336746,0.007897818,1.79981201,0.780026129,0.544444444,0.011111111,0.1867776,0.16646144,3,3,0.001849572,0.06122449,,P10,ET
0,25,7726,2085.05,0.915115301,6,0.02840295,0.014594911,0.300106219,0.075019812,0.661111111,0.022222222,0.35078144,0.22605824,4,3.25,0.005023516,0.109243697,0.776147815,P10,ET
0,26,7726,2085.05,1.069980618,8,0.030723302,0.016769152,1.79981201,0.412511275,0.611111111,0,,,,3.25,,,,P10,ET
0,27,6963,1322.05,0.890092331,5,0.020429338,0.017697081,0.150093564,0.090023775,0.627777778,0.016666667,0.70017024,0.372217173,5,3.666666667,0.00620362,0.097345133,0.410265479,P10,ET
0,28,6275,634.05,0.924228304,5,0.037231118,0.019631191,0.300106219,0.1500612,0.594444444,0,,,,3.666666667,,,,P10,ET
0,32,6963,1322.05,0.937627618,7,0.030807554,0.021310384,0.150093564,0.128605392,5.538888889,0.055555556,0.07979008,0.030523392,5,3.2,0.001695744,0.032096289,0.927212253,P10,ET
1,1,15997,444.375,1.218029888,5,0.021429124,0.011621549,0,0,0.3,0.016666667,0.61202432,0.40009728,3,3,0.006668288,0.166666667,0.250054669,P4,ET
1,2,15997,444.375,0.973325638,7,0.045250694,0.020350937,0,0,0.411111111,0,,,,3,,,,P4,ET
1,3,15997,444.375,0.900480402,5,0.263784383,0.082176075,0,0,14.36666667,0.077777778,0.01294336,0.01048576,3,3,0.000815559,0.016241299,0.771233847,P4,ET
1,4,15997,444.375,1.07044213,7,0.142718404,0.051977239,0,0,17.16111111,0.15,0.0499712,0.011848059,7,3.37037037,0.001777209,0.029459372,0.975807126,P4,ET
1,5,14417,-1135.625,0.698630207,2,0.053052285,0.046111162,0,0,31.50555556,0,,,,3.37037037,,,,P4,ET
1,6,14417,-1135.625,0.786842472,1,0.010020271,0.010020271,0,0,14.41666667,0,,,,3.37037037,,,,P4,ET
1,7,14417,-1135.625,0.874054994,2,0.02863193,0.026492241,0,0,17.28333333,0.138888889,0.0110592,0.008188723,4,3.04,0.001137323,0.024429444,0.966920864,P4,ET
1,8,15997,444.375,1.078269634,8,0.061356663,0.026306225,0,0,0.561111111,0,,,,3.04,,,,P4,ET
1,9,14417,-1135.625,1.070367612,19,0.028752044,0.014252769,0.150030386,0.015792672,0.305555556,0,,,,3.04,,,,P4,ET
1,10,15997,444.375,0.973594689,6,0.027053361,0.015868056,0,0,0.35,0,,,,3.04,,,,P4,ET
1,11,14417,-1135.625,0.949439814,6,0.263784383,0.090091329,0.150030386,0.100020257,15.02222222,0.1,0.06938624,0.013612373,9,3.5,0.001361237,0.023298817,0.717229251,P4,ET
1,12,15997,444.375,0.976272589,9,0.130711815,0.043176321,0.150030386,0.016670043,3.288888889,0.066666667,0.06291456,0.044386987,4,3.083333333,0.002959132,0.0625,0.808869553,P4,ET
1,13,14417,-1135.625,1.000908614,11,0.060619335,0.018928976,0.150030386,0.013639126,2.255555556,0.016666667,0.10149888,0.0700416,4,3.333333333,0.00116736,0.024630542,0.89904375,P4,ET
1,14,14417,-1135.625,0.916780426,3,0.060619335,0.04123063,0,0,5.127777778,0.044444444,0.17866752,0.04348928,6,3.375,0.001932857,0.029252438,0.874727636,P4,ET
1,15,15997,444.375,0.990640325,6,0.077119161,0.033530165,0.150030386,0.075015193,8.694444444,0.066666667,0.1019904,0.030050987,7,3.666666667,0.002003399,0.028115016,0.963094684,P4,ET
1,16,15997,444.375,0.963692307,7,0.033943788,0.018299045,0.150030386,0.021432912,0.472222222,0.016666667,0.31596544,0.279565653,3,3,0.004659428,0.105882353,0.921024473,P4,ET
1,17,14417,-1135.625,0.99894862,3,0.014699449,0.009164654,0,0,0.488888889,0.011111111,0.08331264,0.04214784,3,3,0.000468309,0.068181818,,P4,ET
1,18,15997,444.375,0.946181642,8,0.15551225,0.037876066,0.150030386,0.018753798,2.511111111,0.05,0.08339456,0.058208711,4,3.111111111,0.002910436,0.061946903,0.871708687,P4,ET
1,19,15997,444.375,1.025078536,11,0.049623962,0.028673264,0.150030386,0.013639126,0.466666667,0.011111111,0.19431424,0.16359424,4,3.5,0.001817714,0.083333333,,P4,ET
1,20,15997,444.375,0.949776087,12,0.116314745,0.044652538,0.150030386,0.012502532,0.95,0.016666667,0.12197888,0.059828907,3,3,0.000997148,0.052631579,0.104552087,P4,ET
1,21,15997,444.375,1.021321901,15,0.078930451,0.024346234,0.150030386,0.020004051,0.877777778,0,,,,3,,,,P4,ET
1,22,15997,444.375,0.876238588,5,0.13715651,0.045510178,0,0,10.40555556,0.011111111,0.0380928,0.03493888,4,4,0.00038821,0.004271223,,P4,ET
1,23,15997,444.375,0.993838357,10,0.036062881,0.014185735,0.150030386,0.015003039,0.35,0,,,,4,,,,P4,ET
1,24,15997,444.375,0.941510271,12,0.146505236,0.049799988,0.150030386,0.012502532,2.85,0.027777778,0.059392,0.040157184,3,3,0.001115477,0.029239766,0.541137223,P4,ET
1,25,15997,444.375,0.947015958,13,0.134189425,0.039086417,0.150030386,0.023081598,0.888888889,0.022222222,0.29057024,0.18468864,4,3.25,0.004104192,0.08125,1.14557278,P4,ET
1,26,14417,-1135.625,0.987641292,5,0.04070019,0.014718452,0.150030386,0.030006077,1.511111111,0,,,,3.25,,,,P4,ET
1,27,15997,444.375,0.88292989,13,0.06616605,0.029936678,0.150030386,0.011540799,0.772222222,0.022222222,0.20267008,0.16308224,3,3,0.00362405,0.086330935,0.342477459,P4,ET
1,28,15997,444.375,1.060982441,19,0.13669862,0.040599114,0.150030386,0.015792672,1.561111111,0.027777778,0.12197888,0.08421376,3,3,0.002339271,0.053380783,0.832927841,P4,ET
1,29,15997,444.375,1.084457093,14,0.078930451,0.028583828,0.150030386,0.032149368,0.477777778,0.016666667,0.35422208,0.152917333,3,3,0.002548622,0.104651163,0.35817837,P4,ET
1,30,15997,444.375,0.976581576,12,0.13715651,0.028703271,0.150030386,0.012502532,2.327777778,0,,,,3,,,,P4,ET
1,31,15997,444.375,1.030014162,10,0.05589218,0.027299911,0.150030386,0.015003039,0.516666667,0.011111111,0.33374208,0.2332672,3,3,0.002591858,0.064516129,,P4,ET
1,32,15997,444.375,0.891168681,12,0.15551225,0.049172534,0.150030386,0.012502532,4.7,0.072222222,0.04972544,0.027600738,5,3.230769231,0.001993387,0.04964539,0.712455586,P4,ET
2,1,14934,-6922.96875,0.79930679,2,0.018093173,0.017283729,0,0,0.255555556,0,,,,3.230769231,,,,P8,ENT
2,2,13001,-8855.96875,1.026355425,3,0.016034151,0.015128036,0,0,0.4,0.011111111,0.44310528,0.38428672,3,3,0.004269852,0.083333333,,P8,ENT
2,3,29868,8011.03125,1.016926686,8,0.046472916,0.022966497,0,0,0.461111111,0,,,,3,,,,P8,ENT
2,4,29868,8011.03125,1.013122291,8,0.046472916,0.027466733,1.199978041,0.274997255,0.422222222,0.011111111,0.4333568,0.340992,3,3,0.0037888,0.078947368,,P8,ENT
2,5,29868,8011.03125,0.831936798,8,0.048442218,0.02324771,1.199978041,0.149997255,0.477777778,0.005555556,0.38330368,0.38330368,4,4,0.002129465,0.046511628,,P8,ENT
2,6,29868,8011.03125,0.996303613,9,0.032137907,0.021590307,1.199978041,0.133330893,0.477777778,0,,,,4,,,,P8,ENT
2,7,29868,8011.03125,0.940690194,5,0.048442218,0.023290525,0,0,0.422222222,0.022222222,0.35004416,0.26814464,3,3,0.00595877,0.157894737,0.703190533,P8,ENT
2,8,22636,779.03125,1.052720256,2,0.018636141,0.016966315,0.399981594,0.199990797,0.333333333,0,,,,3,,,,P8,ENT
2,9,14934,-6922.96875,0.944682048,1,0.014084555,0.014084555,1,1,0.438888889,0,,,,3,,,,P8,ENT
2,10,22636,779.03125,0.84748218,1,0.016285131,0.016285131,0.399981594,0.399981594,0.327777778,0,,,,3,,,,P8,ENT
2,11,22636,779.03125,1.037681052,5,0.032020866,0.020316596,0.399981594,0.239988956,0.4,0,,,,3,,,,P8,ENT
2,12,22636,779.03125,0.867455481,6,0.036490846,0.024886734,0.399981594,0.199990797,0.355555556,0,,,,3,,,,P8,ENT
2,13,22636,779.03125,0.799759191,4,0.015300173,0.014862578,0.399981594,0.199990797,0.488888889,0,,,,3,,,,P8,ENT
2,14,22636,779.03125,0.914250962,7,0.029972037,0.02331738,0.600018406,0.257137598,0.538888889,0,,,,3,,,,P8,ENT
2,15,22636,779.03125,1.049460072,7,0.035643811,0.023325398,0.399981594,0.228560911,0.444444444,0,,,,3,,,,P8,ENT
2,16,14934,-6922.96875,0.954673834,0,,,,,0.461111111,0,,,,3,,,,P8,ENT
2,17,22636,779.03125,0.987672253,13,0.12680767,0.045372587,0,0,0.383333333,0,,,,3,,,,P8,ENT
2,18,21120,-736.96875,1.069017802,9,0.177027931,0.056506546,0,0,0.338888889,0,,,,3,,,,P8,ENT
2,19,29868,8011.03125,0.907087132,11,0.148363838,0.054251444,0,0,0.35,0.011111111,0.47415296,0.46854144,3,3,0.005206016,0.095238095,,P8,ENT
2,20,22636,779.03125,1.198103165,12,0.07776426,0.037034044,0.100009208,0.008334101,0.4,0,,,,3,,,,P8,ENT
2,21,16006,-5850.96875,0.897886957,9,0.057702038,0.022108705,0.899987822,0.099998647,0.344444444,0,,,,3,,,,P8,ENT
2,22,16006,-5850.96875,0.923061959,3,0.035194776,0.021624247,0.899987822,0.466664683,0.472222222,0.011111111,0.33923072,0.31612928,4,3.5,0.003512548,0.082352941,,P8,ENT
2,23,16006,-5850.96875,1.020657683,11,0.099047385,0.039528287,0.899987822,0.209090664,0.35,0.011111111,0.54509568,0.38404096,3,3,0.004267122,0.095238095,,P8,ENT
2,24,22636,779.03125,0.877752493,3,0.069451548,0.047927063,0.100009208,0.033336403,0.277777778,0,,,,3,,,,P8,ENT
2,25,16006,-5850.96875,0.828423563,10,0.080729708,0.044232981,0.899987822,0.22999973,0.344444444,0,,,,3,,,,P8,ENT
2,26,21120,-736.96875,0.788735359,8,0.12680767,0.03792819,0.499990801,0.187500407,0.333333333,0.011111111,0.36315136,0.23789568,3,3,0.002643285,0.1,,P8,ENT
2,27,22636,779.03125,0.947357282,10,0.148363838,0.055917454,0.500006228,0.150000326,0.322222222,0,,,,3,,,,P8,ENT
2,28,22636,779.03125,1.060362252,9,0.077194896,0.029240764,0.500006228,0.166667029,0.366666667,0,,,,3,,,,P8,ENT
2,29,16006,-5850.96875,0.897394986,11,0.075504703,0.032683899,0.899987822,0.254545775,0.344444444,0,,,,3,,,,P8,ENT
2,30,16006,-5850.96875,0.937452726,7,0.03430415,0.020655047,0.899987822,0.342858072,0.422222222,0.005555556,0.45555712,0.45555712,4,4,0.002530873,0.052631579,,P8,ENT
2,31,29868,8011.03125,1.133531476,11,0.139500985,0.062221515,0.899987822,0.590895189,0.311111111,0.011111111,2.5370624,1.36257536,6,4.5,0.015139726,0.160714286,,P8,ENT
2,32,22636,779.03125,0.970688557,3,0.177027931,0.10114768,0.100009208,0.066672805,0.266666667,0,,,,4.5,,,,P8,ENT
3,1,18379,1674.208333,0.944474049,18,0.043524893,0.0204578,0,0,1.033519553,0.011173184,0.12541952,0.0864256,3,3,0.000965649,0.032432432,,U2,ENT
3,2,18379,1674.208333,0.896749265,20,0.030833914,0.014769062,0,0,0.899441341,0.027932961,0.20463616,0.110452736,3,3,0.003085272,0.093167702,1.221128707,U2,ENT
3,3,18379,1674.208333,0.998155259,18,0.032503097,0.016208814,0,0,1.055865922,0.011173184,0.25206784,0.18927616,4,3.5,0.002114817,0.037037037,,U2,ENT
3,4,18379,1674.208333,1.099505198,20,0.037032778,0.014770994,0,0,0.87150838,0.016759777,0.28741632,0.1275904,4,3.333333333,0.002138387,0.064102564,0.431854852,U2,ENT
3,5,18379,1674.208333,1.065325235,19,0.043524893,0.019824867,0,0,0.865921788,0.016759777,0.21270528,0.184715947,3,3,0.003095798,0.058064516,0.221529038,U2,ENT
3,7,18379,1674.208333,0.926094468,16,0.038555762,0.016699696,0,0,0.782122905,0.011173184,0.11513856,0.06733824,3,3,0.000752383,0.042857143,,U2,ENT
3,8,18379,1674.208333,0.979217015,14,0.026295831,0.012831444,0,0,0.955307263,0.027932961,0.26054656,0.158007296,5,3.8,0.004413612,0.111111111,0.832839938,U2,ENT
3,9,18379,1674.208333,0.934867571,18,0.030924675,0.014171278,0,0,0.837988827,0,,,,3.8,,,,U2,ENT
3,10,14929,-1775.791667,1.059486706,18,0.030924675,0.012851934,0.29994074,0.099980247,0.782122905,0,,,,3.8,,,,U2,ENT
3,11,18379,1674.208333,1.321830946,13,0.032503097,0.013596689,0,0,0.782122905,0,,,,3.8,,,,U2,ENT
3,12,18379,1674.208333,1.069019907,18,0.022539041,0.01089211,0.29994074,0.016663374,0.709497207,0,,,,3.8,,,,U2,ENT
3,13,18379,1674.208333,0.886902688,13,0.029728012,0.011829267,0.29994074,0.023072365,0.826815642,0.011173184,0.3078144,0.26273792,4,3.5,0.002935619,0.047297297,,U2,ENT
3,14,18379,1674.208333,1.00299322,11,0.029728012,0.00988919,0.29994074,0.02726734,0.737430168,0.011173184,0.16171008,0.15480832,3,3,0.001729702,0.045454545,,U2,ENT
3,17,17148,443.2083333,1.04231638,11,0.123626655,0.032769255,0.10001795,0.018185082,5.12849162,0.094972067,0.06713344,0.029922485,4,3.117647059,0.0028418,0.057734205,1.25372715,U2,ENT
3,18,14929,-1775.791667,1.051652308,11,0.132588223,0.037808744,0.29994074,0.05453468,5.832402235,0.072625698,0.03178496,0.019266954,4,3.076923077,0.001399276,0.038314176,0.801298534,U2,ENT
3,19,14929,-1775.791667,1.015706145,16,0.132588223,0.028353725,0.29994074,0.124972952,4.25698324,0.094972067,0.08945664,0.036237553,5,3.176470588,0.003441555,0.070866142,1.094429792,U2,ENT
3,20,14929,-1775.791667,1.058172596,14,0.078514995,0.032560301,0.29994074,0.099977554,1.452513966,0.027932961,0.12988416,0.088809472,3,3,0.002480712,0.057692308,0.668595744,U2,ENT
3,21,14929,-1775.791667,1.024439453,21,0.058217545,0.023283727,0.29994074,0.152349057,1.245810056,0.022346369,0.33796096,0.16623616,4,3.25,0.003714775,0.058295964,0.637452796,U2,ENT
3,22,14929,-1775.791667,0.987646213,22,0.078514995,0.02630291,0.29994074,0.15905777,1.206703911,0.011173184,0.15720448,0.14864384,4,3.5,0.001660825,0.032407407,,U2,ENT
3,24,14929,-1775.791667,1.014415915,17,0.034554894,0.013738853,0.29994074,0.135265175,1.111731844,0.011173184,0.13877248,0.11511808,3,3,0.001286236,0.030150754,,U2,ENT
3,25,14929,-1775.791667,0.933126796,18,0.043010382,0.020075239,0.29994074,0.127750443,1.212290503,0.027932961,0.26923008,0.157933568,4,3.2,0.004411552,0.073732719,0.571241829,U2,ENT
3,26,14929,-1775.791667,0.98194766,20,0.040175208,0.018294528,0.29994074,0.144969473,1.061452514,0.027932961,0.17137664,0.104644608,3,3,0.002923034,0.078947368,0.576477417,U2,ENT
3,27,14929,-1775.791667,1.027951818,17,0.029481424,0.014267474,0.29994074,0.158792157,1.011173184,0.022346369,0.15560704,0.08825856,3,3,0.001972258,0.066298343,0.220322445,U2,ENT
3,28,13929,-2775.791667,0.956294558,21,0.057386147,0.020930276,0.399966585,0.247611766,1.078212291,0,,,,3,,,,U2,ENT
4,1,16000,3855.608696,0.923256025,18,0.028235913,0.010240233,0,0,0.787709497,0.011173184,0.53317632,0.34070528,6,4.5,0.003806763,0.063829787,,U3,ENT
4,2,14929,2784.608696,1.098361239,18,0.033573869,0.010609443,0,0,0.905027933,0.011173184,0.39784448,0.237568,4,3.5,0.002654391,0.043209877,,U3,ENT
4,3,12126,-18.39130435,0.992186338,16,0.03513613,0.011748355,0.399968178,0.024998011,0.849162011,0.011173184,0.13811712,0.13142016,3,3,0.001468382,0.039473684,,U3,ENT
4,4,14929,2784.608696,1.065878005,18,0.021677639,0.008800293,0.099954373,0.005553021,0.815642458,0.011173184,0.12316672,0.11667456,3,3,0.001303626,0.04109589,,U3,ENT
4,5,13929,1784.608696,0.936041706,17,0.028455089,0.012754166,0.199987959,0.017647871,0.843575419,0.022346369,0.21516288,0.17931264,3,3,0.004006986,0.079470199,0.813806889,U3,ENT
4,7,12126,-18.39130435,0.860464418,16,0.023281658,0.012029762,0.300013804,0.050000973,0.709497207,0,,,,3,,,,U3,ENT
4,8,14929,2784.608696,1.033880777,16,0.03513613,0.014037413,0.300013804,0.031249626,0.787709497,0.033519553,0.44576768,0.23836672,4,3.333333333,0.007989946,0.141843972,1.218753063,U3,ENT
4,9,12126,-18.39130435,0.902753073,17,0.028455089,0.010732861,0.399968178,0.070587279,0.798882682,0,,,,3.333333333,,,,U3,ENT
4,10,14929,2784.608696,1.023739741,15,0.020604709,0.009681657,0.300013804,0.026664545,0.888268156,0.022346369,0.18890752,0.1414144,4,3.25,0.003160098,0.081761006,0.674197266,U3,ENT
4,11,13929,1784.608696,1.021690027,15,0.03289542,0.012785399,0.199987959,0.053334371,0.899441341,0.022346369,0.2021376,0.17942528,3,3,0.004009503,0.074534161,0.354349603,U3,ENT
4,12,13929,1784.608696,0.977444096,16,0.020978867,0.011950146,0.199987959,0.068751352,0.921787709,0.027932961,0.2033664,0.146374656,3,3,0.004088678,0.090909091,0.979242164,U3,ENT
4,13,13929,1784.608696,1.072051933,15,0.028235913,0.010532804,0.199987959,0.060002245,0.810055866,0,,,,3,,,,U3,ENT
4,14,12126,-18.39130435,1.077381182,18,0.027168792,0.009153373,0.399968178,0.105554082,0.899441341,0.022346369,0.14471168,0.1270272,3,3,0.002838597,0.074534161,0.55329237,U3,ENT
4,15,14929,2784.608696,1.08744316,13,0.020604709,0.009875696,0.300013804,0.076927655,0.82122905,0.022346369,0.25014272,0.14626816,4,3.25,0.003268562,0.088435374,0.912768793,U3,ENT
4,16,12126,-18.39130435,1.299872405,20,0.035100538,0.010458049,0.399968178,0.119998762,0.921787709,0.005586592,0.08466432,0.08466432,4,4,0.000472985,0.024242424,,U3,ENT
4,17,9190,-2954.391304,0.968167919,14,0.020559545,0.009116306,0.799935138,0.385689305,0.910614525,0,,,,4,,,,U3,ENT
4,18,9190,-2954.391304,0.919619662,18,0.052221857,0.017272928,0.799935138,0.388866156,0.82122905,0,,,,4,,,,U3,ENT
4,19,9190,-2954.391304,1.044823584,15,0.022861804,0.010698564,0.799935138,0.353312544,0.770949721,0.011173184,0.26783744,0.24713216,4,3.5,0.002761253,0.050724638,,U3,ENT
4,20,9190,-2954.391304,0.97508362,11,0.021040824,0.011264285,0.699980765,0.22725787,0.849162011,0.027932961,0.1765376,0.107692032,3,3,0.003008157,0.098684211,1.155062575,U3,ENT
4,21,9190,-2954.391304,1.101858308,13,0.022861804,0.011941732,0.799935138,0.261522889,0.759776536,0,,,,3,,,,U3,ENT
4,22,9190,-2954.391304,0.828347091,16,0.040238601,0.012847192,0.799935138,0.374979308,0.938547486,0.016759777,0.18337792,0.1277952,3,3,0.002141819,0.053571429,0.098193594,U3,ENT
4,24,9190,-2954.391304,0.930352357,17,0.026595917,0.012947175,0.799935138,0.382329294,0.843575419,0.016759777,0.42921984,0.284603733,4,3.666666667,0.004769895,0.072847682,0.987372885,U3,ENT
4,25,8000,-4144.391304,1.029222092,18,0.052221857,0.012482397,1,0.594483736,0.988826816,0.016759777,0.17887232,0.162679467,3,3,0.002726472,0.050847458,0.441680671,U3,ENT
5,1,9190,486.4615385,0.9897457,12,0.016561233,0.010748669,0,0,0.648044693,0.016759777,0.25853952,0.19304448,3,3,0.003235382,0.077586207,0.691499641,U5,ET
5,2,11314,2610.461538,0.901574313,15,0.035610581,0.013588522,0,0,0.82122905,0.005586592,0.8112128,0.8112128,6,6,0.004531915,0.040816327,,U5,ET
5,3,10556,1852.461538,0.891390184,14,0.029132685,0.012989865,0.199926489,0.014280464,0.815642458,0.011173184,0.22528,0.21182464,3,3,0.002366756,0.04109589,,U5,ET
5,4,9849,1145.461538,1.000679831,15,0.02230585,0.010371586,0.20005992,0.019998154,0.720670391,0.011173184,0.24891392,0.21346304,4,3.5,0.002385062,0.054263566,,U5,ET
5,5,9849,1145.461538,0.963536005,17,0.024599991,0.013544829,0.20005992,0.023528612,0.748603352,0.011173184,0.50536448,0.47505408,5,4.5,0.005307867,0.067164179,,U5,ET
5,7,10556,1852.461538,0.999473199,19,0.023503591,0.012046021,0.199926489,0.026315816,0.74301676,0.011173184,0.59838464,0.3902464,5,4,0.004360295,0.060150376,,U5,ET
5,8,11314,2610.461538,1.046585287,20,0.038039302,0.013902299,0.299972309,0.040006899,0.810055866,0.039106145,0.21909504,0.140586423,4,3.142857143,0.005497793,0.151724138,0.65012034,U5,ET
5,9,9849,1145.461538,0.943079891,17,0.029589384,0.010786141,0.1000141,0.017643564,0.82122905,0.022346369,0.2168832,0.20143104,3,3,0.004501252,0.081632653,1.126860093,U5,ET
5,10,11314,2610.461538,0.99610406,10,0.031674659,0.013642503,0.20005992,0.060021148,0.748603352,0,,,,3,,,,U5,ET
5,11,11314,2610.461538,1.088064441,12,0.038039302,0.013473782,0.20005992,0.041680472,0.715083799,0.016759777,0.26300416,0.211653973,3,3,0.003547273,0.0703125,0.929771037,U5,ET
5,12,11314,2610.461538,0.996529626,10,0.01585573,0.009966621,0.299972309,0.040001813,0.731843575,0.011173184,0.2265088,0.21942272,3,3,0.002451651,0.045801527,,U5,ET
5,13,11314,2610.461538,1.036589026,12,0.023791278,0.014397498,0.20005992,0.025008812,0.715083799,0.011173184,0.27848704,0.182784,4,3.5,0.002042279,0.0546875,,U5,ET
5,14,11314,2610.461538,1.123005161,13,0.01568011,0.01041522,0.299972309,0.061549075,0.776536313,0,,,,3.5,,,,U5,ET
5,15,9849,1145.461538,1.011987827,11,0.01599394,0.009543779,0.20005992,0.090933444,0.74301676,0,,,,3.5,,,,U5,ET
5,17,6063,-2640.538462,1.019392425,10,0.024599991,0.009845589,0.900005349,0.40999069,0.620111732,0.005586592,0.03530752,0.03530752,3,3,0.000197249,0.027027027,,U5,ET
5,18,6063,-2640.538462,1.019167953,14,0.023258423,0.010609786,0.900005349,0.471416522,0.687150838,0.011173184,0.25878528,0.24674304,3,3,0.002756905,0.048780488,,U5,ET
5,19,6063,-2640.538462,0.972484501,18,0.023791278,0.01157124,0.900005349,0.427763881,0.726256983,0.022346369,0.24887296,0.1788416,3,3,0.00399646,0.092307692,0.78517344,U5,ET
5,20,6063,-2640.538462,0.971113385,15,0.021116976,0.012493018,0.900005349,0.546652139,0.810055866,0.016759777,0.402432,0.191542613,4,3.333333333,0.003210211,0.068965517,0.361127106,U5,ET
5,21,6063,-2640.538462,0.897036467,14,0.022691996,0.009642813,0.900005349,0.407139956,0.787709497,0,,,,3.333333333,,,,U5,ET
5,22,6063,-2640.538462,1.183220564,7,0.020964397,0.011325919,0.900005349,0.442836533,0.804469274,0.033519553,0.19816448,0.13400064,3,3,0.004491642,0.125,0.729447405,U5,ET
5,24,6964,-1739.538462,1.073357183,16,0.029589384,0.014940912,0.700120968,0.431285213,0.720670391,0.011173184,0.24981504,0.18354176,4,3.5,0.002050746,0.054263566,,U5,ET
5,25,6964,-1739.538462,1.071444227,14,0.017906309,0.010400951,0.700120968,0.37143165,0.575418994,0,,,,3.5,,,,U5,ET
5,26,6063,-2640.538462,0.941835792,12,0.022778142,0.00984143,0.900005349,0.391650542,0.776536313,0.016759777,0.24121344,0.209196373,3,3,0.003506084,0.064748201,0.706231074,U5,ET
5,27,6964,-1739.538462,1.076333583,10,0.021916935,0.010957348,0.700120968,0.420034301,0.798882682,0.011173184,0.41148416,0.29048832,4,4,0.00324568,0.055944056,,U5,ET
5,28,6063,-2640.538462,0.996649998,9,0.023258423,0.010085437,0.900005349,0.422211753,0.765363128,0.011173184,0.79990784,0.50845696,5,4.5,0.005681083,0.065693431,,U5,ET
5,29,8000,-703.5384615,1.048176316,0,,,,,2.826815642,0.05027933,0.06721536,0.052792889,3,3,0.002654391,0.053359684,0.730463855,U5,ET
6,1,18379,177.53125,1.005518345,1,0.016521157,0.016521157,0,0,1.340782123,0.022346369,0.14118912,0.08152064,3,3,0.00182169,0.05,0.117790366,U6,ET
6,2,18379,177.53125,1.071167924,3,0.009922273,0.008526793,0,0,0.977653631,0.027932961,0.18202624,0.14266368,3,3,0.003985019,0.085714286,0.221942946,U6,ET
6,3,18379,177.53125,1.170218617,4,0.016521157,0.010820898,0,0,2.357541899,0.033519553,0.16228352,0.0707584,5,3.5,0.00237179,0.049763033,1.265031389,U6,ET
6,4,18379,177.53125,0.81942275,1,0.005505914,0.005505914,0,0,7.212290503,0.016759777,0.0509952,0.032344747,4,3.333333333,0.000542091,0.007745933,0.946335663,U6,ET
6,5,18379,177.53125,0.906143793,2,0.005505914,0.005501612,0,0,5.709497207,0.016759777,0.1333248,0.069905067,6,4.333333333,0.001171593,0.012720157,1.000724664,U6,ET
6,6,17148,-1053.46875,1.227078531,3,0.015606909,0.009537865,0,0,0.82122905,0.022346369,0.10031104,0.06614016,4,3.75,0.001477992,0.102040816,0.846896944,U6,ET
6,7,18379,177.53125,1.055697899,1,0.009922273,0.009922273,0,0,7.067039106,0.078212291,0.15478784,0.039023177,7,3.857142857,0.003052092,0.042687747,0.958197984,U6,ET
6,8,18379,177.53125,1.036306114,1,0.010418204,0.010418204,0,0,14.59776536,0.234636872,0.02936832,0.009529051,5,3.166666667,0.002235867,0.050899349,0.969623915,U6,ET
6,9,18379,177.53125,0.765671893,1,0.047539085,0.047539085,0,0,15.51396648,0,,,,3.166666667,,,,U6,ET
6,10,18379,177.53125,0.966352077,7,0.15422119,0.041421478,0,0,4.983240223,0.039106145,0.22253568,0.05677056,7,3.571428571,0.002220078,0.028026906,0.59508171,U6,ET
6,11,18379,177.53125,0.953357116,5,0.164156351,0.056075968,0,0,12.5027933,0.078212291,0.02924544,0.013826926,4,3.214285714,0.001081436,0.020107239,0.875938368,U6,ET
6,12,18379,177.53125,0.923831771,6,0.052214646,0.02872402,0,0,5.843575419,0.033519553,0.07241728,0.03538944,5,3.5,0.001186238,0.020076482,0.647127419,U6,ET
6,13,18379,177.53125,0.898540834,4,0.164156351,0.08924385,0,0,9.731843575,0.044692737,0.0241664,0.01626624,5,3.5,0.000726983,0.016073479,0.378220295,U6,ET
6,14,18379,177.53125,0.985475076,6,0.052214646,0.031840766,0,0,0.720670391,0.016759777,0.47071232,0.29233152,4,3.666666667,0.004899411,0.085271318,0.22626098,U6,ET
6,15,18379,177.53125,0.877810878,3,0.057403181,0.027311276,0,0,0.502793296,0.011173184,0.93069312,0.63039488,5,4,0.007043518,0.088888889,,U6,ET
6,16,18379,177.53125,0.914424333,4,0.057403181,0.025325737,0,0,0.547486034,0.011173184,0.29724672,0.26609664,3,3,0.002973147,0.06122449,,U6,ET
6,17,18379,177.53125,1.202031756,0,,,,,1.150837989,0.033519553,0.15941632,0.100993707,3,3,0.003385264,0.087378641,0.922729709,U6,ET
6,18,13929,-4272.46875,1.102328377,1,0.007417354,0.007417354,0,0,1.675977654,0.033519553,0.19734528,0.082752853,4,3.166666667,0.002773839,0.063333333,1.082787701,U6,ET
6,19,18379,177.53125,1.055809797,2,0.012448408,0.009932881,0,0,1.731843575,0.039106145,0.10764288,0.07729152,4,3.142857143,0.003022573,0.070967742,1.021141504,U6,ET
6,20,18379,177.53125,0.947699923,5,0.023789503,0.011253497,0,0,1.374301676,0.016759777,0.2295808,0.14635008,4,3.666666667,0.002452795,0.044715447,0.960609801,U6,ET
6,21,18379,177.53125,0.746391579,2,0.026133179,0.024961341,0,0,13.19553073,0.027932961,0.01118208,0.005152768,3,3,0.000143932,0.00635055,0.524133409,U6,ET
6,22,18379,177.53125,0.930150159,2,0.026133179,0.017533054,0,0,14.87709497,0.044692737,0.02453504,0.01258496,4,3.25,0.000562456,0.009763425,0.431911139,U6,ET
6,23,18379,177.53125,0.990678277,1,0.015606909,0.015606909,0.10001795,0.10001795,0.675977654,0.016759777,0.27082752,0.118306133,3,3,0.001982784,0.074380165,0.641506377,U6,ET
6,24,18379,177.53125,0.937537861,0,,,,,7.625698324,0.055865922,0.04395008,0.022388736,4,3.1,0.001250767,0.022710623,0.679213486,U6,ET
6,25,18379,177.53125,0.887766621,3,0.01262361,0.009315516,0,0,0.703910615,0.016759777,0.23158784,0.149203627,3,3,0.002500619,0.071428571,0.178328148,U6,ET
6,26,18379,177.53125,1.048503168,3,0.015812788,0.009141803,0,0,0.648044693,0.022346369,0.28340224,0.24546304,3,3,0.005485208,0.103448276,0.822071168,U6,ET
6,27,18379,177.53125,0.898692588,0,,,,,13.21787709,0.022346369,0.06811648,0.02711552,6,3.75,0.000605933,0.006339814,0.971969269,U6,ET
6,28,18379,177.53125,1.039033541,5,0.007642745,0.006171422,0.10001795,0.02000359,2.340782123,0.039106145,0.08179712,0.052779886,3,3,0.002064018,0.050119332,0.628805599,U6,ET
6,29,18379,177.53125,1.024807519,4,0.008811359,0.006778116,0,0,1.536312849,0.011173184,0.06037504,0.0454656,3,3,0.000507996,0.021818182,,U6,ET
6,30,18379,177.53125,0.934805527,4,0.006977631,0.006229669,0.10001795,0.025004487,4.324022346,0.044692737,0.07520256,0.0398848,4,3.25,0.001782561,0.033591731,0.924612597,U6,ET
6,31,18379,177.53125,1.062337797,4,0.015812788,0.009944212,0,0,1.687150838,0.033519553,0.11255808,0.084712107,3,3,0.002839512,0.059602649,1.079155219,U6,ET
6,32,18379,177.53125,0.929599852,0,,,,,1.541899441,0.022346369,0.18726912,0.12009472,4,3.25,0.002683681,0.047101449,0.359556662,U6,ET
7,4,19698,5496.32,0.893191569,2,0.068602115,0.049219388,0,0,2.571428571,0.033613445,0.83779584,0.2533888,10,4.75,0.008517271,0.062091503,0.657188184,U7,ET
7,5,19698,5496.32,0.994017404,3,0.068602115,0.039333954,0,0,5.672268908,0.084033613,0.06746112,0.032681984,4,3.2,0.002746385,0.047407407,0.969349913,U7,ET
7,7,19698,5496.32,0.9225767,6,0.267213322,0.095675508,0,0,7.319327731,0.033613445,0.02207744,0.01737728,3,3,0.00058411,0.013777268,0.786885083,U7,ET
7,8,19698,5496.32,0.814649333,6,0.370551582,0.121807277,0,0,15.2605042,0.042016807,0.01024,0.007634944,3,3,0.000320796,0.008259912,0.857530185,U7,ET
7,9,19698,5496.32,0.847179613,5,0.370551582,0.124694918,0,0,14.42857143,0.084033613,0.01318912,0.007729152,3,3,0.000649509,0.017472335,0.792743147,U7,ET
7,10,19698,5496.32,0.96482455,5,0.060509579,0.041891505,0,0,9.117647059,0.042016807,0.02097152,0.013287424,3,3,0.000558295,0.013824885,1.141467374,U7,ET
7,11,19698,5496.32,1.015092571,6,0.060509579,0.032023897,0,0,2.983193277,0.058823529,0.12156928,0.065758354,4,3.428571429,0.003868138,0.067605634,0.79552431,U7,ET
7,12,19698,5496.32,0.898881193,6,0.035742666,0.018539071,0,0,2.672268908,0.042016807,0.08146944,0.046342144,4,3.2,0.001947149,0.050314465,0.944309886,U7,ET
7,13,19698,5496.32,0.955452854,6,0.021307134,0.012704751,0,0,2.285714286,0.016806723,0.14503936,0.0963584,4,3.5,0.001619469,0.025735294,,U7,ET
7,14,19698,5496.32,1.001068716,2,0.014791708,0.012229378,0,0,2.378151261,0.042016807,0.7120896,0.222035968,10,5,0.009329242,0.088339223,1.068633229,U7,ET
7,15,19698,5496.32,1.099895796,3,0.015855379,0.014941986,0,0,0.621848739,0.016806723,0.58843136,0.41183232,4,3.5,0.006921552,0.094594595,,U7,ET
7,16,19698,5496.32,0.884882736,1,0.015855379,0.015855379,0,0,0.630252101,0,,,,3.5,,,,U7,ET
7,17,2639,-11562.68,1.0164254,6,0.044894223,0.023494449,0,0,1.840336134,0.042016807,0.0720896,0.05111808,3,3,0.002147818,0.068493151,1.085465391,U7,ET
7,18,2639,-11562.68,0.948699385,6,0.129013612,0.060166853,2.200040472,0.566680157,2.294117647,0.067226891,0.80044032,0.147328,10,3.875,0.009904403,0.113553114,1.198534612,U7,ET
7,19,6063,-8138.68,0.915807643,6,0.129013612,0.052202971,1.200040472,0.200006745,2.857142857,0.050420168,0.06725632,0.060033707,4,3.166666667,0.00302691,0.055882353,0.500794648,U7,ET
7,22,9190,-5011.68,1.108369207,9,0.028548718,0.016341014,1.099912389,0.188882825,0.403361345,0.016806723,0.8318976,0.48951296,4,3.5,0.008227109,0.145833333,,U7,ET
7,24,10556,-3645.68,0.919803328,7,0.040223541,0.020490472,0.799959528,0.14284086,0.495798319,0,,,,3.5,,,,U7,ET
7,25,11314,-2887.68,1.018153126,7,0.040223541,0.015617273,2.10004582,0.471431925,0.714285714,0,,,,3.5,,,,U7,ET
7,26,12126,-2075.68,0.792502049,8,0.033666731,0.014306804,2.200040472,0.712504226,0.638655462,0,,,,3.5,,,,U7,ET
7,27,12126,-2075.68,1.069108924,5,0.027236547,0.018104704,0.399966961,0.079993392,0.680672269,0.016806723,0.19529728,0.10287104,3,3,0.001728925,0.074074074,,U7,ET
7,18,2639,-11562.68,0.948699385,6,0.129013612,0.060166853,2.200040472,0.566680157,2.294117647,0.067226891,0.80044032,0.147328,10,3.875,0.009904403,0.113553114,1.198534612,U7,ET
7,29,12126,-2075.68,0.940421303,7,0.043045321,0.022665523,0.399966961,0.100000298,0.882352941,0.016806723,0.21102592,0.1856512,3,3,0.003120188,0.057142857,,U7,ET
7,30,12126,-2075.68,0.845352753,7,0.052923665,0.026374143,0.399966961,0.100000298,0.848739496,0,,,,3,,,,U7,ET
7,31,12126,-2075.68,0.829092727,8,0.052923665,0.022503109,2.200040472,0.449998498,0.613445378,0,,,,3,,,,U7,ET
7,32,12996,-1205.68,0.94680148,1,0.010164257,0.010164257,0.099963921,0.099963921,0.957983193,0,,,,3,,,,U7,ET
8,7,16000,2500,0.931308988,14,0.027076204,0.013093402,0,0,1.579831933,0.016806723,0.206848,0.15589376,4,3.5,0.002620063,0.037234043,,U8,ENT
8,8,17148,3648,1.043628585,16,0.042921242,0.014858068,0,0,1.25210084,0.025210084,0.16080896,0.100706987,4,3.666666667,0.002538832,0.073825503,0.999816014,U8,ENT
8,9,17148,3648,1.041393336,14,0.126349398,0.028687854,0.099968417,0.007140601,2.31092437,0.033613445,0.07073792,0.04397056,3,3,0.001478002,0.043636364,0.323769969,U8,ENT
8,10,18379,4879,0.92787527,7,0.247398932,0.058682547,0.10001795,0.014288279,7.957983193,0.042016807,0.02318336,0.020144128,3,3,0.000846392,0.015839493,0.921363605,U8,ENT
8,11,19698,6198,0.919254698,6,0.247398932,0.079962555,0.200008833,0.066669611,6.74789916,0.050420168,0.02830336,0.020002133,3,3,0.001008511,0.02241594,0.662339538,U8,ENT
8,12,19698,6198,1.0954709,8,0.056850857,0.024066963,0.200008833,0.062501069,2.731092437,0.058823529,0.10129408,0.056173714,5,3.571428571,0.003304336,0.076923077,0.623547257,U8,ENT
8,13,19698,6198,1.165126955,13,0.058499593,0.026392578,0.299977251,0.061537369,0.882352941,0,,,,3.571428571,,,,U8,ENT
8,14,19698,6198,0.987645227,13,0.058499593,0.018355904,0.299977251,0.061537369,0.680672269,0,,,,3.571428571,,,,U8,ENT
8,15,19698,6198,0.966384431,7,0.036224981,0.022046038,0.299977251,0.071426583,0.714285714,0,,,,3.571428571,,,,U8,ENT
8,16,19698,6198,0.959995417,18,0.036224981,0.015802865,3.100226394,0.300009767,0.781512605,0.016806723,0.1974272,0.17119232,3,3,0.002877182,0.064516129,,U8,ENT
8,17,2462,-11038,1.058237115,2,0.161586471,0.084540634,2.800137655,1.400068828,3.924369748,0.142857143,0.08183808,0.03735552,5,3.352941176,0.005336503,0.122055675,0.645226342,U8,ENT
8,18,8000,-5500,0.959372638,6,0.161586471,0.033603588,1.299977251,0.599992417,7.31092437,0.075630252,0.06262784,0.020420836,5,3.333333333,0.001544433,0.034482759,0.633868474,U8,ENT
8,21,2462,-11038,1.033825198,1,0.007007726,0.007007726,0,0,2.831932773,0.042016807,0.0671744,0.052781056,4,3.2,0.002217691,0.047477745,0.925604956,U8,ENT
8,24,2462,-11038,1.213496054,5,0.099880696,0.028429907,2.800137655,0.560027531,0.81512605,0.008403361,0.34668544,0.34668544,4,4,0.002913323,0.041237113,,U8,ENT
8,25,2297,-11203,1.071241955,11,0.099880696,0.020976024,3.100226394,1.100087983,1.705882353,0.050420168,0.17891328,0.08759296,4,3.166666667,0.004416452,0.093596059,0.985225648,U8,ENT
8,16,19698,6198,0.959995417,18,0.036224981,0.015802865,3.100226394,0.300009767,0.781512605,0.016806723,0.1974272,0.17119232,3,3,0.002877182,0.064516129,,U8,ENT
8,27,12126,-1374,0.976963013,7,0.017421466,0.012352332,2.400280966,0.728635743,10.67226891,0.042016807,0.01703936,0.00688128,4,3.4,0.000289129,0.013385827,0.992209687,U8,ENT
8,28,12126,-1374,1.300854646,12,0.0955535,0.03268419,2.400280966,0.483330644,1.18487395,0.117647059,7.19204352,0.561190034,39,6.5,0.066022357,0.645390071,1.886481405,U8,ENT
8,29,12126,-1374,1.385829246,13,0.098709224,0.033589401,2.400280966,0.630781514,1.025210084,0.109243697,0.4878336,0.137275865,13,4.692307692,0.014996523,0.5,1.39089916,U8,ENT
8,30,12126,-1374,1.346385217,11,0.093110521,0.031149938,2.400280966,0.472728472,0.949579832,0.084033613,0.50110464,0.1087488,6,3.7,0.009138555,0.327433628,1.264480442,U8,ENT
8,31,12126,-1374,1.249374054,11,0.098709224,0.029434418,2.300201061,0.472729865,1.285714286,0.092436975,0.49995776,0.096937425,11,3.818181818,0.008960602,0.274509804,1.119871372,U8,ENT
8,32,12126,-1374,0.964111586,9,0.02380006,0.012264124,0.699945428,0.311081358,1.260504202,0.025210084,0.07041024,0.0319488,3,3,0.000805432,0.06,0.999857925,U8,ENT
